--INSERTS for testing
INSERT INTO ROLS (ROL_ID, TIPO)
   VALUES (1, 'ADMINISTRADOR');
INSERT INTO ROLS (ROL_ID, TIPO)
   VALUES (2, 'PERIODISTA');
INSERT INTO ROLS (ROL_ID, TIPO)
   VALUES (3, 'USUARIO');

INSERT INTO USUARIOS(USER_ID,CORREO,NOMBRE,APELLIDOS,ESTADO,CONTRASENA,ROL_ID)
VALUES (1,'jose.ramos@gmail.com', 'Jose','Ramos',1,'Abc123456',1);   
INSERT INTO USUARIOS(USER_ID,CORREO,NOMBRE,APELLIDOS,ESTADO,CONTRASENA,ROL_ID)
VALUES (2,'mauricio.granados@gmail.com', 'Mauricio','Granados',1,'Abc123456',2);
INSERT INTO USUARIOS(USER_ID,CORREO,NOMBRE,APELLIDOS,ESTADO,CONTRASENA,ROL_ID)
VALUES (3,'jose.ovares@gmail.com', 'Jose','Ovares',1,'Abc123456',2);
INSERT INTO USUARIOS(USER_ID,CORREO,NOMBRE,APELLIDOS,ESTADO,CONTRASENA,ROL_ID)
VALUES (4,'ricardo@gmail.com', 'Ricardo','Fonseca',1,'Abc123456',3);

SELECT * from usuarios inner join ROLS using (ROL_ID);

INSERT INTO NOTICIAS(NOTICIA_ID,LINK_IMAGEN,CATEGORIA,DESCRIPCION, TITULO,USER_ID)
VALUES (1,'https://img.freepik.com/fotos-premium/plano-macro-dolar-100_94046-2020.jpg', 'ECONOMIA','DESCRIPTCION','TITULO',2); 
INSERT INTO NOTICIAS(NOTICIA_ID,LINK_IMAGEN,CATEGORIA,DESCRIPCION, TITULO,USER_ID)
VALUES (2,'https://img.freepik.com/fotos-premium/plano-macro-dolar-100_94046-2020.jpg', 'DEPORTES','DESCRIPTCION','TITULO1',3);
INSERT INTO NOTICIAS(NOTICIA_ID,LINK_IMAGEN,CATEGORIA,DESCRIPCION, TITULO,USER_ID)
VALUES (3,'https://img.freepik.com/fotos-premium/plano-macro-dolar-100_94046-2020.jpg', 'ECONOMIA','DESCRIPTCION','TITULO2',2); 

select * from reacciones;

INSERT INTO REACCIONES (REACCION_ID,TIPO_REACCION,COMENTARIO,USER_ID, NOTICIA_ID)
VALUES (1,'LIKE',NULL,4,1); 
INSERT INTO REACCIONES (REACCION_ID,TIPO_REACCION,COMENTARIO,USER_ID, NOTICIA_ID)
VALUES (2,'LIKE',NULL,3,1); 
INSERT INTO REACCIONES (REACCION_ID,TIPO_REACCION,COMENTARIO,USER_ID, NOTICIA_ID)
VALUES (3,'COMENTARIO','COMENTARIO',3,1); 